bedrooms,bathrooms,sqft_living,sqft_lot,floors,view,condition,yr_built,location,price
4,1,4219,4259,1.0,3,4,1981,Kolkata,929116
5,1,802,11081,2.0,3,5,1997,Lucknow,418318
3,3,4452,2823,1.0,1,5,2002,Jaipur,849581
5,2,1486,18858,2.0,0,2,1940,Chennai,637971
5,1,2363,19626,3.0,2,1,2005,Delhi,1049971
2,3,4940,14467,2.0,3,1,1949,Kolkata,1069478
3,2,3572,7990,3.0,3,1,1986,Ahmedabad,835046
3,1,3624,4134,3.0,2,5,1970,Kolkata,903439
3,2,1827,19454,2.0,1,4,1958,Kolkata,545226
5,3,2908,17743,1.5,0,2,1938,Chennai,930175
4,1,4173,16434,2.5,1,3,1902,Delhi,1311531
3,2,3791,16007,1.0,4,4,1975,Pune,1205174
5,1,4533,11233,2.5,3,3,1906,Hyderabad,1376066
2,2,1203,17378,1.0,4,4,1948,Lucknow,422921
4,3,1074,2141,1.0,3,1,1925,Delhi,704260
2,3,3732,19019,3.0,3,5,1932,Jaipur,883890
4,1,3132,11135,1.0,4,3,2000,Kolkata,3419036
5,2,4328,13966,1.0,4,4,1947,Pune,1201260
1,1,3730,4361,2.0,1,5,1978,Chennai,996811
4,1,988,8835,2.5,4,3,1901,Bangalore,820043
2,2,1847,12172,2.0,1,2,2004,Lucknow,412759
5,2,4181,17390,1.0,1,4,1970,Lucknow,709157
4,2,3673,4267,3.0,1,2,1931,Hyderabad,1095217
1,3,2167,7564,2.0,3,1,1903,Bangalore,1033148
1,1,2137,19990,2.0,3,2,1919,Ahmedabad,465595
3,1,4614,12411,1.5,4,2,2013,Bangalore,1786533
3,3,4053,6906,1.0,3,4,2016,Kolkata,1038073
2,2,1500,17028,3.0,4,1,1935,Kolkata,552826
4,3,1350,8611,2.0,3,2,1931,Kolkata,623263
4,3,1888,18297,2.0,0,5,1927,Kolkata,510658
3,3,4212,3011,3.0,0,3,1976,Delhi,1336241
4,1,1867,18826,1.0,4,2,1900,Lucknow,386752
4,3,1321,12246,1.5,3,1,1959,Bangalore,1053409
1,1,954,14790,2.0,3,2,1955,Lucknow,277710
3,1,2124,12738,1.5,1,3,1934,Jaipur,390773
5,1,3272,15730,2.5,2,1,2011,Bangalore,1381033
3,2,4226,12120,1.0,4,4,1929,Delhi,1439151
5,1,3647,19213,2.5,2,1,1953,Jaipur,716014
1,1,4589,9767,2.5,2,4,1935,Lucknow,719450
2,2,2690,14703,2.5,4,1,2020,Jaipur,690638
4,1,1416,1929,1.0,3,3,1954,Hyderabad,671468
1,3,4486,12951,1.0,4,3,1988,Jaipur,2661386
4,3,3375,16845,3.0,2,1,1979,Bangalore,1445932
2,1,1940,18438,1.5,3,2,1957,Kolkata,516522
2,2,4900,16747,1.5,0,3,1982,Kolkata,915977
1,3,1235,6744,3.0,4,4,1964,Ahmedabad,489904
2,2,4068,19284,3.0,4,4,1968,Lucknow,783767
5,2,3838,10649,2.5,3,5,1950,Hyderabad,1326959
2,3,3515,7980,3.0,0,4,1921,Bangalore,1175856
4,2,3389,8069,2.0,0,5,1987,Bangalore,1365892
4,3,1461,10591,1.5,3,1,2006,Chennai,807809
4,2,3489,1442,3.0,1,1,2008,Mumbai,1559061
4,3,4348,5652,2.0,4,1,2015,Lucknow,809678
5,1,1526,10370,2.0,4,2,2000,Bangalore,1037399
3,3,4365,8597,2.0,2,2,1952,Pune,1070043
1,3,3363,15325,2.0,3,5,1999,Bangalore,1423714
4,3,3001,5458,2.5,2,4,1935,Chennai,988125
2,3,2447,7591,2.0,2,4,1967,Jaipur,607784
4,2,1677,17346,2.5,0,1,1935,Delhi,741038
2,1,511,12826,2.5,4,3,1951,Delhi,481518
2,3,4899,19693,2.0,2,2,1952,Pune,1242549
4,2,3864,15138,1.5,0,2,1981,Pune,1073966
5,1,3522,18294,2.0,3,1,1949,Ahmedabad,795493
2,1,3871,3169,2.0,2,2,1979,Delhi,1259045
2,1,3330,19556,2.0,4,1,1940,Jaipur,658936
4,1,542,7313,1.5,2,5,1917,Delhi,552213
2,3,1443,9315,1.0,3,4,1921,Mumbai,944151
2,3,2890,9036,1.0,2,3,1965,Lucknow,590517
4,2,3045,1785,2.5,4,4,1920,Delhi,1209485
4,2,2911,7139,2.5,0,4,1999,Kolkata,739507
1,2,1504,7344,1.5,4,5,1943,Ahmedabad,496533
5,1,520,19800,3.0,0,2,2002,Chennai,526645
5,1,906,15973,1.0,1,3,1946,Pune,477675
2,3,1514,6619,2.5,4,2,1938,Mumbai,1187570
5,1,4931,2936,1.0,4,4,1928,Pune,1260526
2,1,2338,4807,1.5,3,1,1953,Ahmedabad,537662
1,1,3688,8151,1.5,2,4,1989,Bangalore,1369975
4,2,1214,10493,3.0,0,2,1984,Mumbai,800059
4,2,4646,13355,3.0,0,4,1916,Hyderabad,1365624
4,3,4354,4236,1.5,3,1,1979,Mumbai,1890603
5,1,4919,16848,2.5,3,5,1959,Ahmedabad,1056419
1,1,640,3352,1.0,2,2,1930,Chennai,357856
5,3,1463,2932,2.0,2,4,2014,Mumbai,1278576
5,1,872,11913,3.0,4,2,1972,Ahmedabad,478622
1,1,4135,9556,2.0,1,5,1994,Jaipur,766313
1,2,3041,6498,2.5,2,4,1977,Lucknow,589172
1,3,4110,11582,3.0,3,4,1948,Delhi,1458785
1,3,2192,18330,2.0,2,2,2000,Jaipur,618677
4,3,605,14865,2.5,0,2,1901,Ahmedabad,282051
3,3,2181,10569,1.0,1,1,2015,Kolkata,623464
3,2,4597,18823,2.5,4,5,1947,Bangalore,1968801
1,2,4516,5857,3.0,0,1,2009,Delhi,1465035
3,1,3136,1340,1.5,0,4,1913,Kolkata,632358
3,1,2637,12181,1.0,1,2,1958,Chennai,806423
1,1,3916,17766,2.0,4,4,1996,Pune,1083349
3,1,4945,9491,3.0,3,4,1998,Hyderabad,1506998
5,2,4030,1138,1.5,4,3,1957,Delhi,1440984
2,3,1786,1358,2.5,2,3,2002,Jaipur,513977
2,2,3679,10714,1.5,0,4,1957,Bangalore,1367926
1,1,4154,2627,3.0,2,2,2010,Kolkata,859556
4,2,2859,16996,3.0,3,4,1950,Ahmedabad,762738
1,3,944,6004,1.5,2,3,1983,Delhi,797635
4,3,535,14283,2.5,4,2,1901,Pune,565749
2,2,1975,7652,1.5,2,4,2014,Ahmedabad,525311
1,2,4457,3151,3.0,3,5,1940,Kolkata,1013595
5,2,2298,10429,3.0,3,5,1982,Bangalore,1230266
3,1,2345,15072,2.0,3,4,2022,Mumbai,1165468
4,2,1908,12927,2.0,4,2,2000,Pune,793052
3,2,2208,7905,1.0,3,4,1981,Ahmedabad,670399
3,2,3438,13452,3.0,0,4,1915,Pune,936581
1,3,1800,17212,2.0,3,3,1903,Chennai,713185
3,3,1743,19951,1.5,2,5,1911,Ahmedabad,524172
5,1,4476,2307,2.5,2,3,1928,Delhi,1505654
3,1,3597,15852,1.5,2,3,1906,Mumbai,1501922
1,3,509,3660,2.5,4,4,1913,Mumbai,699975
5,3,2925,11403,2.0,2,3,2018,Hyderabad,1227898
2,3,2160,11238,1.0,4,5,1911,Pune,749842
3,2,3131,7207,1.5,4,3,1998,Jaipur,753996
1,2,1572,2140,1.5,3,5,1904,Mumbai,876636
2,3,3725,2708,1.5,0,3,1980,Mumbai,1679176
2,2,1816,4630,2.5,3,5,2021,Chennai,699137
4,2,4645,11485,2.0,3,3,2005,Lucknow,811666
5,1,4183,13021,1.5,4,3,1931,Chennai,1218145
3,3,3773,17859,1.5,4,2,1973,Chennai,1103930
1,3,645,8684,1.0,2,5,1942,Lucknow,202138
4,2,3540,2207,1.0,2,5,1980,Pune,897677
5,3,1962,14331,2.0,3,5,1968,Ahmedabad,657407
4,1,2084,2960,2.0,1,1,1944,Bangalore,861297
5,1,982,1557,3.0,1,3,2005,Jaipur,380538
5,1,3679,16883,1.0,2,5,1908,Mumbai,1642089
3,3,1749,14893,3.0,1,1,1948,Hyderabad,772472
5,3,1130,1882,2.5,2,2,1932,Jaipur,391993
4,3,1161,5761,3.0,4,5,1999,Ahmedabad,600343
5,3,4003,6867,1.5,3,5,1999,Lucknow,814923
3,3,3352,13869,3.0,0,1,1917,Jaipur,616194
3,1,2966,8166,2.0,3,3,1908,Mumbai,1411855
4,2,1487,13982,2.5,2,2,1961,Jaipur,451753
2,1,2046,8929,1.5,2,5,1956,Bangalore,856258
2,3,1149,6347,3.0,3,3,1928,Lucknow,399208
5,1,1468,8269,2.5,2,2,2013,Jaipur,436142
1,3,3137,14527,2.5,1,4,1977,Mumbai,1540771
5,3,1600,3454,1.5,1,4,1924,Mumbai,1040322
4,1,940,19330,3.0,2,2,1914,Jaipur,352466
4,3,1269,13991,2.5,2,1,1905,Pune,476928
4,2,1843,3808,2.5,1,2,2019,Hyderabad,880143
4,3,4858,7642,1.0,2,2,1941,Kolkata,1030055
4,2,4229,4825,2.5,2,1,1928,Chennai,1154667
3,2,4406,4536,1.0,3,1,1978,Lucknow,739872
2,3,2077,16309,3.0,0,3,1992,Kolkata,587879
4,1,4508,4802,3.0,1,3,1903,Ahmedabad,846417
1,2,3851,19354,3.0,3,1,1981,Ahmedabad,838350
1,1,2849,7142,2.0,0,4,2013,Mumbai,1200385
1,2,4102,10094,3.0,2,4,1956,Ahmedabad,833122
1,3,1741,1364,2.5,2,2,1948,Pune,60443
3,3,1625,16688,1.5,3,5,1943,Hyderabad,878959
1,2,3101,2863,1.0,2,2,2002,Ahmedabad,659576
4,3,1690,17499,2.0,4,2,1979,Bangalore,1188937
5,2,4631,8084,3.0,3,5,1974,Hyderabad,1520398
1,3,4948,9016,3.0,0,1,1913,Pune,1179807
3,1,572,3384,1.5,3,4,1902,Kolkata,385418
3,3,2414,16072,1.5,1,2,2014,Hyderabad,992155
1,1,2972,4935,2.0,3,5,2013,Hyderabad,941872
5,3,3546,14127,1.0,2,3,1961,Kolkata,922940
1,1,1207,15482,3.0,2,2,2005,Pune,506557
3,3,2304,8742,2.0,4,4,1963,Ahmedabad,649924
2,1,4213,17165,2.5,4,1,2001,Mumbai,1877567
4,2,3064,3490,2.5,4,2,1944,Lucknow,600124
3,2,2975,14324,2.0,0,2,2005,Kolkata,731707
1,1,4110,19108,3.0,4,5,1981,Kolkata,1058064
4,3,4755,2137,2.0,0,3,1957,Kolkata,1014851
1,1,3323,4420,3.0,4,3,1919,Kolkata,880718
1,3,2235,6845,1.5,0,1,1957,Lucknow,350281
2,2,2085,4906,2.0,3,4,2011,Lucknow,485830
4,3,566,13413,3.0,3,1,1988,Ahmedabad,398346
4,2,3561,1276,2.0,2,2,1956,Jaipur,736178
2,3,2928,19383,2.0,0,2,2001,Jaipur,603360
3,3,4653,18611,3.0,1,3,1976,Delhi,1623534
1,3,841,7337,3.0,2,4,1967,Kolkata,446685
5,1,3274,12944,1.0,3,5,2018,Kolkata,835411
1,1,3317,16906,2.0,0,4,1977,Hyderabad,948980
1,2,3161,18079,2.5,4,2,1996,Jaipur,745685
3,2,1732,13306,2.0,1,5,1991,Ahmedabad,2025644
1,1,4374,11503,2.0,3,4,1951,Mumbai,1681191
2,2,2901,5208,3.0,2,4,1936,Delhi,1039936
2,1,1994,12590,2.0,0,5,1907,Delhi,715743
4,3,4711,11886,2.0,1,2,1943,Ahmedabad,942113
5,2,1161,13866,2.5,0,4,1997,Mumbai,934819
1,2,4383,2088,3.0,4,5,2007,Hyderabad,1401677
1,1,4119,4363,2.0,2,2,1904,Lucknow,2570741
3,2,2368,1024,1.5,0,5,2017,Chennai,750937
2,2,2834,10764,1.0,3,5,1968,Jaipur,643929
5,3,3874,10959,2.5,2,4,1930,Kolkata,930110
4,2,1516,13935,2.0,3,2,1944,Ahmedabad,571869
2,3,4906,9068,1.5,0,4,1908,Jaipur,797067
4,1,707,19619,2.0,2,1,2005,Kolkata,422914
3,2,3165,8295,2.0,3,1,1931,Chennai,991103
3,3,2993,9392,3.0,4,2,1932,Chennai,1026952
1,1,1132,12390,3.0,4,5,1966,Lucknow,394772
5,2,2602,9448,3.0,0,4,1929,Pune,677889
4,1,3459,11433,1.5,2,4,2013,Chennai,1088584
2,2,3583,16038,2.0,1,2,1975,Jaipur,682773
3,1,2431,12528,1.0,2,2,1928,Bangalore,4193401
1,1,4219,16743,2.5,4,1,1902,Bangalore,1546077
1,3,3062,9605,3.0,3,3,1989,Kolkata,788937
4,1,2179,3014,3.0,1,2,1956,Kolkata,600388
3,2,736,2381,2.0,0,3,1929,Pune,346538
5,2,4943,2098,2.0,1,2,1908,Bangalore,1599783
3,3,2040,10101,1.5,0,5,1925,Kolkata,604834
4,2,4443,1187,1.5,1,5,1901,Chennai,1058591
4,2,863,12948,3.0,0,1,1961,Kolkata,407529
3,2,2868,11207,2.0,0,1,1902,Delhi,1027363
4,1,785,3092,1.0,1,3,1945,Pune,325792
3,1,648,19514,2.5,1,2,1967,Ahmedabad,319326
2,2,4537,6242,2.0,0,4,1924,Mumbai,1682363
3,3,2266,9549,2.0,4,1,1950,Hyderabad,958299
3,1,1512,6185,1.5,1,4,1912,Mumbai,950542
4,3,3331,16271,2.5,2,4,2002,Mumbai,1664801
4,2,3007,6776,3.0,3,2,1943,Lucknow,596194
1,2,2023,13449,2.0,0,3,1934,Ahmedabad,503109
1,1,3285,8823,3.0,0,2,1954,Kolkata,648254
2,2,3056,16717,2.0,3,1,1986,Lucknow,576580
1,1,4225,8355,3.0,4,4,1908,Mumbai,1802751
3,2,2101,7465,2.5,3,2,1901,Delhi,962438
4,2,2908,13737,1.5,1,2,1960,Hyderabad,970467
1,1,840,18881,2.5,3,2,2017,Mumbai,882982
1,1,3317,14324,1.0,0,1,1940,Bangalore,983157
2,1,2996,11350,1.5,3,3,1943,Ahmedabad,619907
2,2,2225,3555,2.5,2,2,1963,Ahmedabad,530288
3,2,2189,3951,1.0,1,1,1930,Ahmedabad,503739
4,3,3767,18622,2.0,3,4,2007,Pune,1201693
2,1,4906,5727,2.0,0,5,1946,Pune,1029320
1,2,761,6686,3.0,1,1,1901,Chennai,373479
4,2,1942,4701,1.5,0,5,1995,Jaipur,482280
4,1,905,3780,2.0,4,2,1981,Hyderabad,602610
1,3,2690,18972,1.5,2,2,1976,Lucknow,503218
2,1,4937,3368,2.0,4,1,2009,Kolkata,1075191
1,3,743,16592,3.0,2,5,1968,Mumbai,946327
4,2,4607,1436,2.5,3,2,1957,Jaipur,868755
5,3,1060,3828,3.0,1,4,2005,Kolkata,480750
5,2,4637,2556,1.0,3,3,1943,Lucknow,739511
3,1,3225,14364,2.0,2,3,1973,Jaipur,710173
1,1,1093,16061,1.0,2,2,1955,Kolkata,417998
1,1,2326,11576,1.0,2,5,1942,Delhi,911668
3,3,3729,17566,1.5,0,2,1988,Pune,1043177
3,2,3787,8190,2.0,1,5,1933,Lucknow,652537
3,1,4573,6565,1.0,3,4,2000,Hyderabad,1379626
4,1,633,16369,2.5,3,5,1929,Bangalore,766374
1,2,3638,2589,1.0,4,2,1970,Delhi,1242692
4,1,4419,1159,2.5,2,4,1969,Pune,1069092
3,2,572,13145,1.5,2,1,2017,Ahmedabad,387693
1,2,4994,16373,1.0,2,3,1954,Pune,1218298
4,2,4725,7555,3.0,3,2,1966,Jaipur,865037
4,2,3478,17237,1.5,4,2,1912,Chennai,1024368
3,2,4861,10203,2.5,0,2,1902,Delhi,1411749
1,3,2485,9244,1.5,1,4,1925,Ahmedabad,532018
3,1,1292,15743,1.0,0,1,1956,Jaipur,330352
1,3,4759,14333,2.0,3,5,1923,Lucknow,811187
5,1,594,14341,2.0,2,1,1952,Hyderabad,580336
2,3,1633,19691,2.5,1,4,1969,Pune,659789
2,2,737,2228,2.5,3,2,1942,Lucknow,269058
2,1,3446,6590,2.0,3,3,1959,Ahmedabad,668359
3,1,3030,6585,2.5,3,2,1957,Jaipur,638169
5,3,2460,10227,1.5,1,5,1948,Chennai,786950
1,3,1548,7046,3.0,1,3,1941,Pune,514715
4,1,3029,13237,3.0,4,2,1975,Hyderabad,1116543
1,3,3464,16649,1.5,4,3,2012,Chennai,1107560
4,3,1463,5945,3.0,0,1,1999,Kolkata,447159
1,3,1036,8927,1.0,1,4,1965,Jaipur,311757
5,2,4723,13641,1.5,1,2,1910,Lucknow,792919
4,2,4179,16998,2.5,1,5,2002,Pune,1198905
3,3,4687,14386,1.5,4,1,1997,Pune,1353280
1,3,4224,8016,2.0,3,2,1989,Ahmedabad,890659
1,2,1042,15027,2.5,2,1,1917,Hyderabad,536815
4,2,1345,16920,2.0,4,5,1984,Bangalore,1145228
3,1,4103,14752,2.5,1,2,1999,Kolkata,840767
3,1,3536,19268,3.0,4,5,2003,Chennai,1219239
5,2,2994,19193,1.5,0,3,1951,Delhi,1209472
3,3,4985,4167,1.0,1,5,1945,Delhi,1541730
3,3,3219,12989,2.5,0,3,1943,Pune,926605
3,3,2384,15087,2.5,1,2,1921,Ahmedabad,657582
2,3,4638,3437,2.0,4,3,1952,Mumbai,2088173
5,1,4849,16275,3.0,3,2,1958,Pune,1298647
1,2,3701,6276,2.0,2,2,1993,Delhi,1198157
4,3,3210,9859,2.0,0,4,2013,Delhi,1307988
1,1,2453,8818,3.0,4,2,2006,Kolkata,654846
5,3,4350,5728,1.0,3,3,1929,Lucknow,791548
4,2,1189,6738,2.0,4,4,1907,Mumbai,1035722
5,1,2450,6793,2.0,0,4,1997,Pune,589047
3,2,956,5523,2.5,2,2,1956,Kolkata,429572
4,2,2630,6571,3.0,4,5,2010,Ahmedabad,865063
3,1,4476,17209,1.5,1,5,1972,Kolkata,881766
1,1,4744,16246,1.0,3,4,2014,Pune,1196482
1,1,1679,11380,1.0,4,2,1919,Jaipur,357309
4,1,4785,3224,3.0,3,5,2003,Bangalore,1801412
4,1,4065,9389,2.5,1,2,1924,Pune,892777
5,1,1382,16927,2.5,2,2,1918,Hyderabad,698364
5,1,899,12684,3.0,2,4,1904,Delhi,709112
3,3,1108,11640,2.5,1,4,1974,Mumbai,952580
4,2,2138,9662,1.0,3,1,1978,Mumbai,1171196
1,1,2648,7361,1.0,4,5,1971,Lucknow,523200
5,3,1882,2948,1.5,1,5,1982,Bangalore,1065689
5,3,1903,13091,3.0,0,5,1986,Hyderabad,835333
1,3,1319,12992,2.0,3,3,1926,Delhi,679800
5,2,3792,7318,2.0,2,2,1939,Mumbai,1678755
3,1,1319,13180,1.5,1,4,1995,Hyderabad,592737
4,3,919,1234,1.5,2,5,1925,Kolkata,456423
1,2,4719,16372,2.5,3,1,1926,Lucknow,802484
4,2,3802,1522,1.5,2,5,1961,Pune,1141817
5,2,2008,13718,1.5,1,2,1982,Pune,718557
5,3,1267,10821,2.0,3,2,1949,Jaipur,1491801
1,1,2544,6832,2.5,0,4,1941,Delhi,803928
3,3,2639,13820,1.5,1,3,1928,Hyderabad,899457
2,3,3529,17211,1.5,4,4,1938,Chennai,1185477
1,1,2049,8122,2.5,1,5,1959,Mumbai,992085
2,1,2264,6842,3.0,3,1,1940,Ahmedabad,550862
2,1,3145,2316,2.5,1,4,1932,Ahmedabad,666265
3,2,4216,14200,2.0,0,3,1982,Pune,1027141
2,1,4981,18508,3.0,0,4,2000,Chennai,1328397
2,3,2793,16206,1.0,4,2,1982,Ahmedabad,756315
3,1,3208,19971,2.5,2,5,1996,Bangalore,1441140
2,3,1400,2378,2.0,3,5,2010,Bangalore,927982
2,2,3584,2519,3.0,3,5,1915,Delhi,1322783
2,3,2509,8935,2.5,2,5,1922,Chennai,816925
1,3,741,7093,1.5,0,5,1906,Bangalore,525114
1,1,2885,6355,2.5,0,5,1925,Bangalore,1005081
1,1,4768,10083,1.0,1,1,1995,Pune,1102995
3,3,1171,6574,2.5,4,3,1911,Ahmedabad,480857
5,1,663,14324,3.0,4,5,1971,Delhi,916687
2,2,964,3257,3.0,4,3,1904,Hyderabad,591169
2,2,3542,14411,2.5,1,5,2005,Kolkata,830472
3,1,2942,16233,3.0,4,4,1991,Mumbai,1642223
2,2,2855,16887,1.5,2,5,2016,Mumbai,1575525
1,1,4778,3005,2.5,1,2,1968,Lucknow,734972
5,3,3057,19400,1.5,2,1,1948,Kolkata,820486
4,3,1045,11860,1.5,1,4,1925,Kolkata,457980
2,2,4335,11070,2.0,4,4,1904,Mumbai,1912640
1,1,1093,10388,2.5,2,2,1921,Mumbai,611499
4,1,4304,19156,3.0,2,5,1978,Hyderabad,1463425
5,2,1959,19135,1.5,2,1,1912,Chennai,668982
4,3,3993,15609,2.0,1,4,1927,Chennai,1083356
1,2,3101,17363,2.5,3,1,1932,Hyderabad,1036794
4,3,2944,17923,2.5,4,4,2006,Ahmedabad,837636
3,1,3172,15823,1.0,2,5,1922,Kolkata,780871
4,3,4700,18845,1.0,3,4,1996,Jaipur,977471
2,2,516,9547,1.5,4,4,2006,Kolkata,446758
2,1,3691,12515,1.0,4,3,1917,Lucknow,615183
3,2,892,1234,1.5,2,5,2013,Mumbai,863262
1,2,924,15562,3.0,2,2,2016,Kolkata,439307
2,3,1071,18932,1.5,1,2,1929,Mumbai,805124
5,2,4131,8480,1.0,3,5,1925,Kolkata,963012
2,3,1620,5213,3.0,3,2,1915,Lucknow,427510
2,1,741,11293,1.0,2,5,1976,Ahmedabad,333131
1,3,4397,2673,1.5,4,2,1938,Jaipur,835295
4,1,4595,3100,2.0,2,3,1932,Bangalore,1671959
2,3,2779,12849,2.5,4,2,1925,Hyderabad,1035252
3,2,1288,19199,1.0,4,4,1947,Hyderabad,2207483
4,3,1214,4841,1.5,2,5,1964,Jaipur,456668
5,3,3349,11197,3.0,0,1,2012,Kolkata,782783
1,1,1275,9016,1.0,3,1,1937,Bangalore,746640
5,2,4526,8011,1.0,4,5,1901,Lucknow,813470
4,3,2747,5493,2.5,4,3,2012,Chennai,1041093
4,2,578,18058,1.5,0,2,1905,Kolkata,317013
4,3,4426,9578,2.0,1,3,1945,Ahmedabad,917753
5,3,1355,3158,3.0,0,1,1949,Mumbai,887778
4,2,2648,3064,1.5,0,5,1937,Delhi,1024492
5,3,1531,4253,3.0,4,5,2005,Kolkata,673470
4,2,3771,13828,1.0,3,3,1987,Delhi,1485093
3,3,4076,2401,2.5,0,3,1917,Kolkata,796332
4,1,4682,16193,2.5,1,2,1926,Jaipur,832750
5,2,3956,13096,2.0,2,4,1940,Delhi,1433151
2,3,4006,5214,2.5,0,4,1971,Kolkata,809660
4,3,907,12023,1.0,0,2,1991,Hyderabad,577053
2,1,3211,12950,2.0,1,4,1973,Delhi,1124374
3,2,3588,11704,1.5,3,1,1916,Kolkata,763342
1,3,2168,11343,2.5,0,4,2018,Chennai,638297
3,1,647,12867,2.0,0,2,1961,Mumbai,547015
4,3,4827,3745,1.0,3,4,1928,Chennai,4198928
2,2,4397,4866,3.0,1,5,1957,Bangalore,1603805
2,3,2450,12956,3.0,0,3,1969,Kolkata,606921
5,3,865,6818,1.0,3,1,1977,Pune,607338
2,3,2174,19606,1.0,0,5,1921,Ahmedabad,559570
5,3,4994,17093,3.0,2,5,2017,Chennai,1557781
1,1,3046,16493,2.0,4,2,1905,Delhi,1162045
4,1,1062,18908,3.0,2,3,1925,Jaipur,414516
5,2,4062,9224,1.0,0,3,1938,Ahmedabad,821185
1,1,2989,5025,2.5,1,1,1911,Pune,662107
2,1,1272,19950,1.5,4,2,1998,Lucknow,361921
2,2,2537,7155,2.5,2,1,1913,Kolkata,586450
1,1,3923,14839,2.5,3,4,1921,Jaipur,769544
2,1,3067,1719,1.0,1,5,1950,Kolkata,648111
1,2,2073,15890,3.0,2,1,1922,Bangalore,921087
5,2,4194,18356,2.0,3,5,1947,Pune,1150527
5,2,3791,19591,2.5,0,2,1970,Kolkata,854190
1,3,1746,5426,3.0,3,4,2003,Delhi,944198
5,3,4219,13512,2.0,2,2,1949,Bangalore,1720577
5,2,4339,16064,2.5,2,4,1988,Hyderabad,1428386
5,2,859,14767,2.0,0,4,1912,Lucknow,278257
3,2,2876,12308,3.0,3,5,1984,Pune,983251
4,3,3509,12477,1.5,3,2,2004,Mumbai,1805729
2,3,3493,13903,3.0,0,2,1909,Jaipur,648368
3,1,1462,9680,1.0,3,1,2016,Chennai,712239
5,1,4132,3204,2.0,0,2,1954,Kolkata,823674
1,2,2327,2102,1.5,1,1,2022,Jaipur,477920
5,3,2113,6243,2.0,2,3,1908,Jaipur,554488
4,3,2140,7614,2.0,1,3,1978,Mumbai,1155956
5,3,2716,17299,2.5,4,3,1951,Mumbai,1663473
1,2,4812,9707,1.0,4,2,1901,Bangalore,1688543
4,1,877,14913,2.0,4,2,1924,Pune,652327
5,2,4714,1630,3.0,0,1,1912,Delhi,1438872
4,1,4785,12908,3.0,3,4,1997,Lucknow,888724
2,1,869,11847,2.5,1,1,1950,Mumbai,685930
2,2,2696,10171,1.0,1,3,1957,Mumbai,1137912
5,1,4247,13721,1.0,1,1,1933,Chennai,1013787
4,1,1151,17661,3.0,1,4,1934,Hyderabad,636034
1,3,1269,17616,1.5,4,2,2001,Mumbai,1175580
5,1,2921,10744,2.5,1,1,1902,Hyderabad,941661
2,2,1280,6690,2.5,3,3,2005,Bangalore,889560
2,2,2216,14401,3.0,4,3,2019,Delhi,1116398
5,1,4483,8659,3.0,1,2,1958,Jaipur,768965
4,3,1811,11601,1.5,0,1,1969,Mumbai,944265
2,3,3859,12704,1.5,2,4,2018,Kolkata,876614
4,1,1022,1025,1.0,2,2,1947,Hyderabad,467277
2,1,1021,16384,2.5,2,1,1963,Chennai,468012
2,2,2820,14705,2.5,4,5,2012,Lucknow,670590
3,1,1435,9652,3.0,1,3,1918,Chennai,511443
2,3,2730,14379,1.0,4,4,1966,Mumbai,1543816
1,1,4540,8006,2.5,3,4,1981,Pune,1141303
5,2,4197,19378,1.0,0,4,2002,Jaipur,829254
5,2,3337,9682,1.0,0,3,1972,Delhi,1124519
4,2,4583,2072,3.0,2,1,2015,Kolkata,1065843
2,2,2961,1215,1.0,2,2,1975,Pune,731302
1,2,3743,10915,1.5,2,1,1904,Chennai,921688
4,1,3859,10784,1.5,1,2,1966,Hyderabad,1154737
3,1,1185,19990,2.0,3,4,1910,Hyderabad,702871
4,1,2660,15824,3.0,3,1,2020,Pune,950590
4,1,4488,4313,2.0,3,4,1993,Hyderabad,1462008
2,2,4566,12033,1.5,3,5,1967,Chennai,1338341
3,3,2067,10968,2.0,2,4,1968,Pune,711901
4,1,538,17241,3.0,0,4,1900,Chennai,424404
1,3,3044,6939,3.0,2,2,1990,Kolkata,798483
1,1,1756,15696,1.0,3,5,1991,Jaipur,400646
5,1,3490,15794,2.5,2,4,1962,Lucknow,665274
3,3,2696,3295,1.0,3,4,1928,Kolkata,744472
3,2,3968,2696,3.0,4,5,1981,Kolkata,975116
5,1,3208,12185,1.5,0,5,1911,Hyderabad,937359
4,1,801,19330,1.5,4,1,1976,Mumbai,1069263
3,1,1146,13001,1.0,1,2,1940,Ahmedabad,349623
1,3,2259,15350,3.0,2,5,1901,Hyderabad,881877
1,2,4851,4644,1.5,1,5,1936,Mumbai,1734095
2,3,1097,7420,3.0,2,3,1944,Chennai,532174
3,3,1161,12837,1.5,4,5,1979,Ahmedabad,511270
4,2,4830,7353,3.0,3,2,1947,Hyderabad,1547415
5,3,1868,11541,2.0,3,4,1923,Ahmedabad,629257
5,2,3081,2932,3.0,2,4,1998,Ahmedabad,747560
4,1,4368,12486,3.0,3,4,1921,Bangalore,1720283
2,2,4037,2757,1.0,4,4,1999,Jaipur,805583
5,1,4808,6085,2.0,3,3,1910,Bangalore,1768062
3,3,782,6637,2.5,4,5,2018,Mumbai,1078767
2,3,4178,2116,1.0,1,4,1957,Delhi,1384400
3,1,1986,11759,2.5,4,1,1945,Pune,719741
1,3,4582,12691,1.5,0,4,1928,Lucknow,712353
2,2,4683,1492,2.5,0,5,1934,Delhi,1486236
5,1,960,9811,3.0,0,4,2011,Pune,532558
2,3,2825,7474,2.5,2,3,2017,Mumbai,1449602
2,1,4254,15385,1.0,2,2,1914,Mumbai,1649528
2,2,2968,10738,1.0,2,2,1959,Chennai,925665
2,2,2224,14979,2.5,4,5,1994,Lucknow,570710
3,3,1876,12755,1.0,2,2,1941,Jaipur,472350
1,2,3243,10797,1.0,1,2,2004,Ahmedabad,645983
4,1,1014,15607,2.5,0,1,1942,Bangalore,623887
2,2,1202,13867,2.0,4,5,1979,Bangalore,889522
5,1,2153,8866,2.0,0,5,1973,Mumbai,1236589
2,1,2566,16449,1.5,2,2,1948,Bangalore,997003
5,2,522,11685,1.0,4,2,1963,Mumbai,978380
3,3,2960,6451,2.5,3,2,1931,Ahmedabad,701454
5,2,1804,9548,1.0,1,3,1963,Mumbai,993184
4,1,3800,8186,3.0,2,4,2014,Chennai,1144875
1,1,861,7102,1.0,2,3,1901,Jaipur,216626
5,2,4227,1619,1.0,1,5,1923,Kolkata,911961
5,3,1784,1882,2.0,1,1,1986,Hyderabad,756031
1,3,1014,4642,2.5,3,4,1965,Jaipur,426047
4,1,948,2296,1.0,2,1,1937,Jaipur,305199
2,1,2355,15122,2.0,2,5,1930,Delhi,881377
5,3,4062,3895,1.5,0,5,2014,Lucknow,712818
1,2,3020,18313,2.0,4,1,2003,Lucknow,643174
3,1,3581,6366,2.0,4,1,1925,Pune,1012597
1,1,1928,9711,2.0,0,1,1928,Hyderabad,566862
3,3,4467,19793,1.0,4,5,1966,Ahmedabad,984952
4,2,1422,9199,1.0,1,2,2021,Kolkata,546856
2,3,3637,11717,1.5,4,1,1977,Kolkata,937158
1,2,2659,4423,3.0,4,4,1924,Lucknow,584622
5,2,3047,11211,3.0,0,5,1947,Jaipur,653145
4,2,3479,13782,3.0,3,3,1964,Chennai,1086281
1,1,2781,13474,1.5,4,3,1952,Pune,847011
5,3,3149,4667,3.0,4,4,1966,Mumbai,1788759
1,3,813,9277,3.0,3,2,2017,Pune,512801
3,2,3113,13424,2.0,0,1,1989,Delhi,1104734
1,1,3583,19852,1.0,3,5,1917,Pune,931219
1,1,2756,19020,1.0,0,1,1908,Jaipur,480222
1,3,1537,9155,2.0,1,5,1937,Ahmedabad,461412
4,1,3989,4583,2.0,0,3,1986,Jaipur,672978
1,1,3134,16515,2.0,1,1,1920,Lucknow,461037
5,2,4483,5009,1.0,1,4,2020,Ahmedabad,930940
3,1,2278,11410,3.0,0,2,1964,Bangalore,943062
3,2,4395,19601,2.0,2,4,1920,Ahmedabad,929917
1,3,1624,5967,1.5,0,2,1926,Pune,494569
4,1,1197,19753,2.0,4,1,2005,Pune,713859
4,3,2679,11695,2.5,4,1,2022,Pune,950031
5,3,1904,10135,2.0,2,2,1969,Bangalore,1049447
1,1,1543,6722,1.0,1,3,2018,Lucknow,311309
3,1,2429,16514,2.0,2,5,1943,Mumbai,1329975
4,3,1513,12128,2.5,4,4,1999,Hyderabad,938643
1,1,726,5444,1.5,2,4,1927,Lucknow,176399
4,2,2328,8618,3.0,0,4,1944,Pune,712741
4,2,2523,19060,2.0,2,1,1916,Lucknow,523359
3,1,2952,2196,2.5,1,4,2022,Delhi,1101603
2,3,2585,13297,2.5,0,5,1939,Kolkata,661301
5,1,4783,3787,1.5,3,5,2021,Kolkata,1064605
5,1,1580,8927,1.0,4,2,2015,Hyderabad,942632
3,3,2820,3176,2.0,4,1,1902,Hyderabad,1041587
4,3,3690,9792,2.5,2,5,1975,Mumbai,1675432
1,2,3130,10171,1.5,0,3,2002,Delhi,1058530
4,3,3063,3451,3.0,3,1,1975,Jaipur,710229
3,2,3792,1628,2.5,0,1,1965,Lucknow,563908
5,3,4086,10821,1.5,4,5,2019,Ahmedabad,1039165
4,1,4931,8778,1.0,0,3,1945,Ahmedabad,941644
5,2,3447,4696,1.0,3,2,1985,Jaipur,715771
1,2,4459,13972,2.5,2,5,1986,Kolkata,1010590
5,2,3313,9307,2.5,1,3,1929,Jaipur,675875
5,1,3083,5956,2.0,0,1,1968,Lucknow,556420
2,1,661,11195,1.5,1,3,1908,Delhi,409889
2,1,1093,18076,2.5,4,1,1984,Pune,523215
2,1,3759,2105,2.0,2,5,1910,Bangalore,1399014
5,1,4655,19545,2.0,2,5,1968,Pune,1192458
3,2,3462,16417,2.5,0,4,1998,Bangalore,1500487
5,1,4388,15188,1.0,2,4,1990,Ahmedabad,953110
3,2,3890,13602,1.5,0,4,2012,Hyderabad,1174566
3,1,1163,10256,1.5,0,5,1965,Lucknow,334331
2,3,1632,15212,1.0,1,2,1987,Pune,598482
4,2,1041,2913,2.5,2,5,1930,Jaipur,376864
1,3,3474,11593,1.5,0,3,1932,Delhi,1076279
2,2,1367,2772,2.5,1,5,1938,Delhi,561477
2,3,2566,13996,2.5,3,5,1993,Kolkata,804756
4,1,931,3871,2.0,1,1,1945,Delhi,429236
1,1,4778,14234,1.0,1,1,1936,Delhi,1325058
5,1,1706,18044,2.5,0,1,2014,Hyderabad,769128
5,2,3028,11521,3.0,4,5,1991,Jaipur,759419
2,3,1669,11642,1.0,4,2,1959,Ahmedabad,554734
1,1,1330,2132,1.5,4,3,1930,Delhi,609906
2,3,2151,1699,2.0,1,3,1910,Ahmedabad,484277
3,3,1636,15534,1.5,0,2,1986,Hyderabad,2158863
2,1,3310,11230,1.5,2,2,2020,Delhi,1141231
2,1,975,7297,1.0,1,3,1901,Lucknow,280184
5,3,3310,13839,1.5,1,4,2003,Kolkata,848581
5,1,1826,8812,2.5,0,1,2004,Pune,669894
5,1,1519,5557,1.5,3,1,1926,Lucknow,382859
3,1,2336,3179,2.0,1,3,1998,Chennai,657797
5,2,4756,12030,2.0,3,2,1901,Mumbai,1939182
1,3,2948,10065,3.0,3,4,2002,Delhi,1261344
4,3,4793,9275,2.0,4,3,2000,Ahmedabad,1112631
1,2,1783,18806,1.5,0,1,1920,Mumbai,952913
1,3,1159,16089,2.0,3,5,1957,Bangalore,884630
5,1,2510,4180,1.0,0,2,1904,Delhi,771485
4,3,898,7696,2.0,4,5,1951,Chennai,680810
4,1,2233,10583,2.5,0,3,1944,Hyderabad,726965
4,2,2625,17998,1.0,1,1,1984,Kolkata,697140
3,1,2671,14869,3.0,3,4,1992,Chennai,893622
5,3,574,12757,2.5,0,5,1919,Ahmedabad,275648
4,3,3971,17654,1.5,2,4,1960,Hyderabad,1416300
3,3,1336,13258,1.5,0,1,1937,Pune,472565
2,2,999,3468,1.5,3,5,1919,Hyderabad,587350
2,2,637,15208,2.5,4,4,2013,Delhi,817514
3,3,2597,16042,2.5,4,4,1924,Mumbai,1656473
3,1,4196,16639,2.5,3,5,1901,Mumbai,1881001
5,2,2385,12546,1.0,1,1,2020,Ahmedabad,625058
5,3,3257,13327,1.0,1,4,1931,Hyderabad,1147284
2,3,4420,15270,1.5,4,3,1925,Chennai,1251354
4,2,2400,16523,2.0,4,5,1969,Ahmedabad,726155
2,2,3110,15300,1.5,3,2,1940,Kolkata,770439
4,2,4486,11775,3.0,1,2,2020,Ahmedabad,2727976
4,1,1949,13265,1.0,4,1,1966,Ahmedabad,576654
5,1,1046,17673,2.5,1,3,1996,Pune,566068
1,3,2503,7614,1.0,4,4,1900,Lucknow,536598
1,2,2596,4252,2.5,0,2,1950,Delhi,885287
3,1,1203,8415,3.0,2,1,1904,Pune,396778
5,2,2903,17662,3.0,0,3,1912,Mumbai,1460154
4,3,2125,12116,1.0,4,3,1918,Mumbai,1412801
1,1,3831,17964,2.5,2,1,1911,Bangalore,1330479
4,1,3478,5958,3.0,2,1,1947,Bangalore,1370470
1,1,3339,5276,1.5,4,4,1924,Chennai,939576
1,3,3884,5776,1.5,4,1,1956,Mumbai,1786726
1,2,3159,18208,2.5,1,4,2014,Lucknow,573567
5,1,2361,4832,1.0,4,4,1934,Pune,863636
2,3,3356,15901,3.0,3,5,1975,Kolkata,931564
4,2,1185,6445,1.0,4,3,1993,Lucknow,445853
5,3,4783,2380,1.5,3,3,1904,Bangalore,1793150
5,2,2119,10865,3.0,4,3,1997,Hyderabad,971336
5,3,1931,14926,1.0,1,5,1921,Lucknow,497090
5,2,1375,12580,2.0,3,4,2002,Lucknow,430273
5,1,2961,6634,2.5,0,4,1976,Lucknow,573967
3,2,1865,6810,2.5,3,1,1956,Lucknow,423756
4,3,1743,11179,2.0,1,5,1946,Lucknow,400406
5,3,662,13251,1.5,3,1,1953,Bangalore,778738
4,2,2474,14131,3.0,4,5,1902,Mumbai,1550315
3,1,3791,13707,2.5,4,1,1952,Ahmedabad,799039
3,1,769,19233,2.0,1,2,1983,Lucknow,334717
4,2,1131,3749,2.0,2,3,1930,Lucknow,360420
1,2,1405,14156,1.5,4,3,1968,Delhi,836229
2,3,3971,17589,1.5,0,4,1987,Mumbai,1669073
1,1,3753,4450,1.0,1,2,2003,Ahmedabad,689139
1,2,2514,8214,2.5,3,3,2017,Kolkata,724116
1,1,2141,12814,1.0,3,4,1932,Kolkata,603757
5,2,704,6141,2.0,0,2,1971,Hyderabad,457122
3,2,1081,3708,3.0,4,3,1987,Jaipur,422334
1,1,1340,19375,3.0,1,1,1949,Pune,456202
3,2,2219,16088,1.5,0,5,1983,Delhi,1020529
4,2,3143,12834,3.0,4,2,1915,Mumbai,1520803
2,3,2797,13278,3.0,1,4,2013,Mumbai,1546175
4,2,1374,11014,3.0,3,2,2015,Jaipur,500694
4,2,1189,4273,2.0,1,4,1975,Hyderabad,548358
5,2,4500,15367,3.0,2,2,1976,Chennai,1271016
2,3,3641,5538,3.0,1,4,2008,Bangalore,1508729
4,1,1922,13541,3.0,2,3,2005,Hyderabad,966197
4,3,1171,9712,1.0,1,1,1938,Ahmedabad,348747
2,3,1671,10168,2.0,2,3,1988,Hyderabad,635005
2,1,4226,4551,1.5,3,1,1945,Jaipur,699528
4,3,1443,13297,1.0,4,3,1995,Jaipur,576033
2,1,1949,11965,2.5,2,3,1987,Pune,577496
4,3,4237,3832,2.0,2,2,2011,Delhi,1622043
4,1,3039,14422,2.0,3,5,1946,Lucknow,656468
5,2,4459,1152,2.5,2,4,1943,Kolkata,3022948
1,3,4760,12156,2.5,0,4,1908,Jaipur,771343
4,3,2861,12108,2.5,3,4,2003,Pune,99179
3,3,4152,3800,1.5,0,1,2013,Bangalore,1533779
1,3,4170,6310,3.0,3,4,1986,Kolkata,1001356
1,2,2253,10944,2.0,2,4,1949,Chennai,823100
1,3,2852,3610,3.0,0,2,1976,Mumbai,1222892
5,2,2438,13067,3.0,2,3,1959,Bangalore,1136671
4,2,870,2104,2.5,3,4,2022,Chennai,553263
5,2,4979,11728,1.5,2,5,1995,Kolkata,1074602
4,2,2431,8263,1.0,0,4,2013,Bangalore,1102495
5,1,924,2914,1.5,0,1,1914,Pune,334765
5,1,1394,1406,3.0,2,1,1935,Chennai,576114
3,3,1097,14689,1.5,1,1,2012,Mumbai,856015
5,1,3562,1166,2.5,3,4,1962,Lucknow,642966
2,1,2836,1508,1.0,3,2,1968,Pune,802899
3,3,2187,19045,2.5,2,5,1985,Ahmedabad,573165
5,3,1072,4664,1.0,1,4,1979,Mumbai,859800
1,3,2590,14050,3.0,0,2,1940,Delhi,983989
2,1,4169,1680,1.0,4,2,1973,Hyderabad,1219706
2,1,4772,19908,1.0,4,4,1923,Delhi,1632412
2,3,2133,19504,1.0,2,4,1981,Jaipur,530156
3,2,2017,5357,1.5,1,2,1948,Lucknow,392578
5,3,4793,2363,1.5,1,2,1917,Ahmedabad,942160
5,2,3157,10523,3.0,3,2,1906,Ahmedabad,706860
1,2,4148,3292,1.0,0,4,1903,Hyderabad,1104664
1,3,4088,2538,2.0,1,2,1989,Chennai,1065621
2,3,2037,4408,3.0,4,1,1968,Hyderabad,974608
1,3,3637,9752,1.0,0,4,1959,Jaipur,656907
3,1,597,19287,1.0,0,1,1954,Delhi,353258
5,2,3715,1174,1.5,2,3,1915,Ahmedabad,839985
2,1,4250,3230,3.0,1,4,1998,Delhi,1322763
1,1,3657,5287,1.0,2,3,1989,Mumbai,1486498
3,3,843,13112,1.0,1,2,1981,Lucknow,341106
3,1,1110,8106,3.0,3,2,1928,Bangalore,619331
1,3,2227,10689,2.0,2,5,1922,Jaipur,567938
5,2,2790,13046,3.0,2,2,2016,Bangalore,1284504
1,3,2354,18951,3.0,4,3,1913,Jaipur,583805
2,1,3108,2151,2.0,2,2,1978,Kolkata,714256
1,1,2579,8619,3.0,1,4,1948,Lucknow,459966
3,3,2824,7033,1.0,4,2,1932,Mumbai,1530303
1,3,1677,9560,3.0,2,5,1924,Lucknow,367835
5,1,1591,5946,2.0,2,2,1920,Chennai,646616
4,2,3291,2907,2.5,3,3,1916,Jaipur,709996
1,2,2249,4490,3.0,2,3,1922,Bangalore,1030120
5,3,3175,19919,1.5,0,2,1956,Jaipur,611212
5,2,1281,5173,1.0,4,3,2006,Chennai,656796
3,1,3548,12065,1.0,0,3,1980,Jaipur,623830
5,3,2605,18677,1.5,4,5,1957,Lucknow,616129
5,1,4367,5769,1.5,3,4,1913,Pune,1040188
5,1,2613,5796,3.0,2,5,1992,Jaipur,619396
5,2,4470,14046,1.5,2,1,1919,Kolkata,984769
2,3,2491,15211,2.5,2,5,1929,Kolkata,807704
2,3,1567,5997,2.0,4,2,1918,Ahmedabad,527993
3,2,2077,18376,1.5,2,4,1952,Kolkata,695578
1,1,1511,9112,1.5,0,2,2002,Jaipur,334091
5,1,2774,6287,2.5,2,1,1955,Jaipur,611865
1,1,2314,11578,1.0,3,4,1976,Pune,712427
1,1,2926,19624,1.0,0,3,1981,Kolkata,739520
3,3,4902,18860,3.0,2,5,1922,Delhi,1659784
5,3,3051,7426,2.5,2,2,1961,Jaipur,670420
5,2,4157,12599,2.0,1,1,2009,Mumbai,1897335
4,2,507,1389,2.0,4,3,1932,Mumbai,795855
1,3,3055,1999,2.5,0,5,2002,Bangalore,1182220
1,3,975,13812,2.0,1,3,2003,Pune,536152
2,1,2711,16599,1.0,3,5,1917,Chennai,846853
4,1,984,2855,2.0,4,4,1972,Delhi,757688
2,2,2785,9125,2.0,0,3,1932,Jaipur,525654
2,3,4025,14794,2.5,2,3,1931,Lucknow,653564
2,2,3839,3763,2.5,0,3,1960,Hyderabad,1004235
3,3,3322,5986,2.0,2,4,1953,Hyderabad,1197393
3,1,3424,2481,1.5,4,1,1916,Chennai,928053
2,2,758,4731,2.5,2,5,1918,Ahmedabad,334720
4,2,782,17835,3.0,3,3,1990,Lucknow,440383
1,3,2398,18266,3.0,2,4,1969,Hyderabad,956980
4,1,4635,11758,1.0,3,1,1998,Chennai,1254261
5,2,3476,17311,2.0,4,5,2019,Hyderabad,1442923
3,1,2767,9566,1.5,4,4,2000,Pune,875586
1,2,3700,12889,1.0,0,5,1933,Bangalore,1354904
1,1,1112,12254,2.0,3,3,1983,Ahmedabad,441857
5,3,1187,12442,2.5,3,1,1924,Pune,698600
5,2,4190,14521,3.0,1,4,1967,Lucknow,735131
2,2,1112,5559,1.5,1,1,1973,Chennai,525707
3,1,2807,17199,3.0,1,3,1973,Delhi,1113721
3,1,3513,8291,2.5,2,1,1987,Lucknow,578381
4,2,2281,9160,2.0,1,1,1984,Lucknow,397654
2,3,3091,1112,2.5,3,2,1910,Kolkata,713314
2,1,3196,16924,2.5,2,1,1990,Delhi,1185276
2,1,4458,17523,3.0,4,5,1915,Mumbai,1997816
2,1,1074,2424,1.5,0,4,1989,Kolkata,340542
3,2,2410,11808,2.5,1,2,1960,Chennai,769299
3,2,4104,7043,3.0,4,4,1993,Mumbai,1961965
2,2,1169,7989,1.5,3,4,2012,Hyderabad,762650
4,2,4864,7261,2.0,0,3,1979,Hyderabad,1308803
1,3,1783,1887,2.0,4,3,1906,Lucknow,436282
1,3,1423,17433,1.0,0,2,1915,Kolkata,361326
4,2,1625,17402,3.0,1,3,1998,Jaipur,461018
2,3,2029,13253,1.5,3,3,2021,Delhi,1116545
3,1,2094,19990,2.5,0,3,1915,Mumbai,3717621
1,1,746,8846,2.0,4,4,1939,Delhi,596052
5,1,4211,7432,1.5,1,2,1911,Kolkata,941120
5,2,2060,14452,3.0,1,4,1934,Lucknow,508746
4,1,2900,14395,1.0,4,5,2012,Pune,956461
2,3,2743,4765,2.0,4,4,1920,Hyderabad,1022433
1,2,4364,19822,1.5,0,5,1949,Mumbai,1623769
2,3,2439,16950,1.5,2,1,1942,Mumbai,1345248
1,1,3569,13502,1.5,1,1,1999,Chennai,970599
4,1,726,10741,3.0,0,5,2011,Mumbai,808000
4,1,4047,6941,3.0,4,5,1916,Kolkata,1000905
5,2,764,5855,3.0,0,4,1931,Mumbai,652885
2,3,1895,16166,2.5,4,5,1940,Mumbai,1191986
5,2,4057,6788,1.5,3,2,1905,Delhi,1458464
2,2,1145,1201,2.0,4,1,1987,Lucknow,396458
5,1,3490,11561,3.0,4,1,1926,Bangalore,1594193
3,2,2399,17901,3.0,4,5,1919,Mumbai,1426638
3,2,3004,8737,1.5,2,3,1924,Jaipur,596256
3,1,3272,2988,3.0,4,3,1965,Lucknow,631438
3,2,1654,16441,2.5,1,5,1908,Ahmedabad,1508343
1,1,1087,12737,2.5,1,2,1991,Chennai,1355766
3,1,2321,15256,3.0,0,3,1952,Delhi,881929
4,1,1485,8162,1.5,2,5,1960,Chennai,676728
4,1,4579,14065,1.5,0,2,1937,Pune,1015252
1,2,3848,15114,1.5,1,2,1902,Mumbai,1585556
3,1,4331,9399,1.0,1,4,1983,Hyderabad,1295119
3,1,1741,6633,3.0,3,2,1969,Jaipur,413003
3,2,689,6755,1.5,4,3,2002,Delhi,688458
5,2,1480,11825,2.5,1,3,1996,Chennai,585631
2,3,2198,5117,2.0,0,5,1954,Mumbai,1083984
5,2,2215,2518,2.0,0,5,1900,Hyderabad,754896
2,2,3093,17346,1.5,4,2,2000,Hyderabad,1206715
3,3,4636,3600,2.0,4,1,1969,Pune,1189634
3,2,4933,14237,2.0,3,4,1944,Lucknow,854566
5,2,1598,19579,1.0,2,1,1997,Jaipur,514781
5,2,2826,4554,2.5,0,2,1946,Bangalore,1151576
2,2,3747,17193,2.5,4,2,1978,Jaipur,832402
4,3,1395,16253,1.0,0,1,2008,Pune,663681
2,2,2174,17194,1.0,4,4,1925,Kolkata,665114
5,2,3409,2742,2.0,1,1,2020,Lucknow,643219
5,3,1430,2306,3.0,0,5,1913,Delhi,699607
1,1,4884,4849,2.0,1,3,2021,Lucknow,718192
5,3,1223,13360,1.0,0,5,1953,Pune,606742
1,1,3440,13768,2.5,2,3,1970,Pune,937322
4,3,1589,14032,2.0,3,2,1945,Delhi,859710
2,3,1435,5195,3.0,1,4,2021,Delhi,738686
2,2,2795,19939,2.0,4,1,1930,Delhi,1114631
1,1,655,19689,1.5,2,4,1987,Lucknow,277736
2,2,1570,8619,2.0,0,1,1958,Mumbai,772160
5,1,2458,10280,1.0,1,5,1994,Chennai,841336
3,3,3001,3642,2.5,0,5,1928,Ahmedabad,680899
1,3,4719,10369,2.5,0,1,2005,Delhi,1499762
2,1,4330,15296,1.0,0,4,1995,Chennai,1110841
1,2,1354,16438,1.5,3,1,1916,Ahmedabad,325571
1,2,1139,16674,1.0,3,2,1913,Lucknow,272610
3,2,2738,5757,2.0,4,5,2003,Chennai,961888
5,2,2102,3994,1.0,1,2,1935,Delhi,826572
1,3,941,16226,1.0,2,5,1957,Bangalore,797647
2,3,1836,2271,1.5,2,5,2011,Pune,656242
4,3,4200,2813,2.0,2,3,1923,Chennai,1189814
1,3,1448,19845,3.0,0,2,2008,Hyderabad,636114
1,3,3873,9475,3.0,3,2,1962,Hyderabad,1193730
3,2,959,5396,2.5,1,3,2017,Chennai,475581
5,2,892,10283,1.0,0,4,1990,Delhi,771707
4,2,4438,14318,2.5,3,2,1924,Jaipur,828822
2,2,2287,18200,1.5,3,1,1958,Delhi,1034139
4,3,2757,1082,3.0,1,3,1931,Lucknow,489258
2,3,1638,2920,1.0,1,2,2015,Delhi,863935
5,3,4308,8817,1.5,1,4,1981,Lucknow,781065
2,1,2954,12683,1.5,0,2,2009,Jaipur,563271
3,2,1966,12336,1.0,4,5,1917,Bangalore,1111015
3,2,4174,16596,1.5,1,1,1936,Lucknow,689291
3,3,1877,3093,1.0,4,3,1925,Kolkata,644407
3,2,3097,13905,1.0,0,5,1908,Hyderabad,916158
4,2,641,9367,2.0,4,4,1998,Pune,548139
5,3,3159,6285,2.5,2,5,1963,Hyderabad,1193628
2,1,1339,11896,1.5,4,5,1971,Lucknow,434004
2,1,4118,5937,1.5,1,4,1919,Kolkata,811244
3,1,4417,17753,2.0,0,5,1953,Mumbai,1821907
3,3,1095,19202,2.0,1,3,2005,Bangalore,887346
1,2,2404,19485,2.0,2,2,1985,Bangalore,1084469
5,3,780,13977,3.0,1,5,1982,Mumbai,821596
4,3,923,19163,3.0,1,3,1929,Pune,503970
2,2,4865,8674,3.0,1,2,1952,Jaipur,889825
1,1,4749,18748,1.0,3,2,1991,Ahmedabad,945093
1,1,2250,4676,1.5,2,5,1998,Kolkata,568965
2,3,2467,3426,2.5,1,3,2006,Lucknow,515911
4,1,4588,3962,1.0,1,5,1962,Ahmedabad,903939
1,3,4678,1859,1.5,1,4,1910,Pune,1029609
1,3,3446,13048,1.5,0,2,1930,Jaipur,644795
5,2,1949,5138,2.0,3,5,1948,Bangalore,1147359
4,2,2831,3424,2.0,0,2,2011,Lucknow,493570
1,2,2720,11409,1.0,3,3,2002,Lucknow,578408
4,3,4289,5017,2.0,1,1,1999,Jaipur,795768
2,2,3310,11451,1.5,2,5,1993,Hyderabad,1124510
3,1,2031,11278,2.0,4,5,1986,Kolkata,639986
1,1,3490,11996,3.0,4,2,1918,Jaipur,704258
5,3,4993,2134,2.0,1,3,1911,Delhi,1593924
2,3,1643,6119,1.5,0,4,1914,Delhi,724221
4,2,1433,6694,1.0,2,3,1930,Jaipur,391950
2,3,1960,5164,2.5,3,5,1942,Bangalore,1023144
1,3,3223,19730,2.0,1,4,2000,Jaipur,653759
4,1,3012,6039,1.5,2,3,1936,Chennai,897438
3,1,785,15631,2.5,2,1,1978,Pune,420827
2,2,764,11442,2.5,3,2,1928,Delhi,593941
1,3,2867,9252,3.0,2,3,2013,Ahmedabad,685189
5,3,3947,18721,2.5,0,3,2006,Jaipur,824762
4,1,2262,18568,1.5,0,1,1925,Delhi,721033
2,3,3548,2551,1.5,0,5,2007,Pune,937909
2,1,2881,13625,2.0,2,2,1901,Pune,824865
3,2,2769,2629,2.0,0,3,1983,Ahmedabad,640342
3,1,540,18910,2.0,3,4,1914,Lucknow,271620
5,3,567,2361,2.5,2,3,2015,Chennai,588160
5,2,1487,5370,2.5,4,2,1903,Jaipur,488616
1,1,4508,6283,3.0,2,3,1985,Mumbai,1919019
1,1,3698,8610,2.0,3,1,1949,Jaipur,590344
5,2,3024,11558,1.0,4,3,1937,Lucknow,675382
5,2,1585,15924,3.0,2,3,1922,Kolkata,562279
4,1,2979,15839,1.0,0,4,1958,Hyderabad,911450
3,3,2193,12949,2.5,1,1,1989,Bangalore,1016188
1,1,2815,11626,3.0,1,1,2014,Lucknow,465554
3,2,1278,2993,3.0,0,3,1974,Pune,458133
3,1,2085,1869,1.5,1,4,1927,Mumbai,901364
5,2,1992,2014,2.5,1,3,2019,Bangalore,1068043
4,2,1160,11103,2.5,0,3,1965,Delhi,698208
2,3,1848,17986,3.0,0,2,2022,Jaipur,479088
4,2,1799,13013,2.5,2,2,1907,Bangalore,1033774
4,2,4440,1690,3.0,2,4,1928,Delhi,1468454
3,3,2486,17873,1.5,0,5,1910,Hyderabad,860940
4,2,2544,11748,3.0,3,2,2000,Delhi,1148175
1,3,4016,9024,2.5,1,5,1917,Mumbai,1699816
3,3,1558,17678,2.5,2,1,1954,Pune,670204
1,2,1476,6488,3.0,1,2,1949,Lucknow,343957
2,2,1227,12035,3.0,4,2,1913,Ahmedabad,454304
3,1,3027,19257,3.0,0,4,2017,Lucknow,535535
2,3,3636,13855,2.0,3,5,1973,Lucknow,704446
3,1,842,3817,2.5,4,2,1998,Delhi,79303
5,2,1947,5458,2.5,4,2,1908,Jaipur,575798
4,1,2879,6307,2.0,4,4,1998,Bangalore,1400114
5,3,4159,9933,3.0,0,4,1910,Ahmedabad,837494
2,1,1026,19425,1.5,2,5,1962,Ahmedabad,403273
4,3,2396,18063,3.0,0,1,2007,Bangalore,1126940
3,2,2573,11659,3.0,2,1,1975,Bangalore,1247113
4,2,905,6738,2.0,4,3,1966,Pune,543610
1,3,2073,6668,2.5,4,2,1952,Mumbai,1300765
4,2,4240,15427,3.0,3,5,1938,Hyderabad,1397300
1,2,4774,8697,2.5,2,2,1977,Mumbai,2007254
4,2,4727,17446,1.0,4,5,1955,Bangalore,1938057
1,2,2346,8829,2.5,1,5,1927,Jaipur,466066
2,3,1978,11751,1.5,3,5,1974,Chennai,795332
5,1,2895,14450,1.5,0,2,1938,Chennai,849838
3,1,1271,8352,3.0,3,4,1924,Hyderabad,642149
4,2,1078,14516,2.5,1,2,1920,Bangalore,711823
5,1,3401,9326,3.0,2,5,1909,Chennai,991013
3,1,693,4644,2.0,0,3,1942,Hyderabad,474698
3,2,2507,9003,1.5,0,1,1914,Ahmedabad,576333
1,2,1685,4278,3.0,2,5,1982,Hyderabad,826469
2,1,2894,8296,2.0,3,3,1947,Ahmedabad,649368
2,3,3498,4074,3.0,4,4,1985,Pune,1048238
5,2,2292,14261,2.5,3,5,1920,Chennai,853899
2,3,1610,12173,2.5,1,3,1959,Hyderabad,802111
4,1,4505,9312,2.5,4,5,2015,Hyderabad,1580662
2,2,2761,2637,2.5,3,2,2007,Hyderabad,1069122
5,3,4236,14652,1.0,2,3,1995,Jaipur,863638
2,2,4293,6103,2.0,1,2,1949,Hyderabad,1113532
4,1,2436,18028,2.0,1,2,1922,Jaipur,465340
1,3,4857,3032,2.5,1,3,1912,Lucknow,734133
5,1,1229,3761,1.0,4,1,1968,Pune,562232
1,1,4878,16195,2.5,0,3,1903,Lucknow,672618
1,2,3951,19452,1.0,4,1,1991,Kolkata,949491
1,3,4957,17625,2.5,3,5,1977,Lucknow,902499
3,1,2640,3668,1.5,0,5,1971,Bangalore,983618
3,1,2144,15638,1.5,3,3,1908,Ahmedabad,505065
1,3,3300,16954,3.0,0,5,2020,Bangalore,1326784
5,1,641,18186,2.5,4,4,2014,Mumbai,948682
4,1,1955,13356,2.0,1,2,1934,Lucknow,425596
4,3,2596,1195,3.0,2,2,2000,Chennai,909258
2,3,1825,3187,1.5,1,1,1920,Delhi,836577
5,3,1713,12707,2.5,4,5,1957,Lucknow,570014
3,3,1659,3330,3.0,0,1,1917,Pune,600233
1,2,4999,4606,2.5,1,2,1996,Lucknow,724475
2,3,840,1060,1.5,4,2,1971,Jaipur,826102
4,2,4328,15387,3.0,3,5,2014,Mumbai,2119809
3,2,2468,4927,1.5,2,4,2012,Hyderabad,965179
3,2,1203,7296,1.0,1,4,1980,Mumbai,839421
1,1,4913,14622,1.5,0,5,1942,Mumbai,1802944
4,2,2929,15125,2.5,3,5,1994,Ahmedabad,748211
5,2,2300,3591,2.0,4,1,1997,Delhi,1160154
3,1,1355,13127,1.5,2,5,1905,Mumbai,929849
1,1,2312,16748,2.0,0,4,1985,Ahmedabad,471532
5,1,3366,7121,1.0,4,5,1977,Hyderabad,1223195
4,3,4142,2200,3.0,4,1,1966,Bangalore,1698804
3,1,682,16721,3.0,1,1,1911,Hyderabad,390883
5,1,3612,12087,2.0,1,1,1999,Chennai,974049
5,2,4992,7972,3.0,0,1,1911,Mumbai,1905897
5,1,2017,1136,1.5,4,3,2008,Mumbai,1321590
3,3,1856,18413,2.0,1,5,1965,Bangalore,994929
3,1,2674,16346,2.5,2,2,1901,Pune,698772
2,3,4129,19978,1.5,2,5,1914,Mumbai,1845631
4,1,4128,1661,1.5,4,3,1922,Delhi,1388324
1,1,4596,3472,1.5,1,1,1928,Kolkata,825094
5,1,3739,1086,2.5,0,3,1980,Mumbai,1525674
2,1,4191,11704,1.0,0,4,1995,Kolkata,899209
1,3,518,7219,3.0,0,4,1906,Hyderabad,330219
2,3,3903,17322,2.0,2,5,1993,Lucknow,789769
3,2,3504,15749,1.0,1,5,1927,Pune,954820
5,3,1632,7968,2.0,1,2,1913,Ahmedabad,548883
1,1,3839,14596,3.0,2,2,1943,Jaipur,715892
1,2,3811,2700,2.5,0,4,1929,Pune,856632
1,2,3872,3700,1.5,0,1,1980,Jaipur,606120
1,2,1487,12821,1.5,4,3,1931,Hyderabad,704555
1,1,3821,19031,2.5,3,2,2009,Pune,1102800
2,3,673,6520,1.0,1,2,1969,Ahmedabad,307634
5,1,4241,12510,1.0,1,1,2014,Jaipur,810994
3,2,3552,4687,2.0,1,1,1987,Bangalore,1346010
3,1,1226,17980,2.5,3,5,1905,Delhi,773139
3,1,4260,9837,1.0,4,3,1926,Pune,1110028
3,3,2375,15955,2.5,3,1,1981,Hyderabad,1032786
2,3,4533,12281,3.0,0,2,1987,Mumbai,1780246
4,2,1489,14917,1.5,0,2,2000,Ahmedabad,443720
5,1,4244,5757,1.5,1,4,2019,Jaipur,819580
1,1,3186,14045,1.5,2,1,1923,Jaipur,575646
4,3,919,9912,2.5,1,5,2001,Delhi,730535
3,1,1093,5733,2.5,2,3,1933,Jaipur,356536
4,1,2274,8081,2.0,3,5,1939,Kolkata,635580
5,1,2959,9690,1.5,0,2,1946,Chennai,760431
1,3,1435,2673,2.0,2,5,1978,Kolkata,518564
1,2,4308,15318,1.5,3,2,1974,Jaipur,767955
5,2,831,12171,2.0,0,2,1985,Ahmedabad,377358
5,1,3949,14545,2.0,2,2,2017,Pune,1008494
3,2,3202,12803,3.0,1,2,1923,Hyderabad,979373
1,3,4506,3294,2.0,1,2,1964,Mumbai,1734951
4,3,4368,4630,2.5,1,4,1917,Pune,1026331
2,2,4700,16093,2.0,3,5,1943,Bangalore,1760012
2,2,701,17530,1.5,1,4,1975,Pune,48409
5,1,2997,15453,2.0,4,4,1956,Pune,923905
3,2,2342,13174,1.0,0,1,2006,Hyderabad,794748
2,1,2366,4453,1.5,3,1,1927,Delhi,987810
1,1,2496,5507,1.0,1,1,2003,Jaipur,436345
5,3,1409,11602,1.5,0,3,1970,Delhi,863401
4,3,4805,6628,2.5,2,1,1922,Bangalore,1724768
5,3,3689,9328,2.5,1,5,1984,Lucknow,719893
4,3,1270,16534,2.5,0,4,1933,Mumbai,1015531
5,2,3655,4552,1.0,4,5,1910,Kolkata,899146
5,3,3001,17402,3.0,2,1,1985,Mumbai,1669636
5,2,3214,3242,1.5,4,3,2005,Jaipur,785072
4,3,4085,15665,2.5,0,3,1934,Mumbai,1691263
4,2,2128,6097,1.5,4,4,2015,Chennai,860337
5,1,886,9640,1.0,0,5,1992,Kolkata,387714
2,2,3921,2948,3.0,0,2,1941,Bangalore,1310092
3,2,4508,6618,1.0,4,5,1927,Jaipur,83471
3,3,4593,5236,1.5,0,1,2022,Ahmedabad,863860
3,2,4863,2920,3.0,1,2,1981,Bangalore,1474864
4,1,2966,12169,3.0,0,3,1977,Chennai,849967
4,1,2782,5188,1.0,3,4,1981,Kolkata,776162
2,3,2356,13207,2.5,0,4,1991,Hyderabad,792239
3,1,2498,1238,1.5,3,3,1923,Chennai,747746
3,2,1736,1204,2.0,0,1,1907,Bangalore,855795
5,1,4644,11799,2.0,0,3,2005,Jaipur,836221
4,3,1650,6552,1.0,4,1,2017,Lucknow,536807
3,2,4818,5927,1.5,1,2,2008,Jaipur,817472
2,3,1931,12164,1.5,1,3,1952,Kolkata,569416
2,2,2319,5390,1.0,2,1,1971,Lucknow,415593
3,1,2824,16641,1.5,4,2,1903,Delhi,1140387
4,3,1630,7160,2.5,4,3,1990,Kolkata,698993
2,3,3158,16810,1.0,1,4,1999,Kolkata,813448
5,2,4000,6126,2.5,4,3,1904,Chennai,1178246
2,3,874,1816,1.5,1,5,1996,Jaipur,355586
1,2,2620,14414,1.0,4,3,1948,Bangalore,1217178
1,2,4520,1192,1.5,0,5,1997,Hyderabad,1281174
4,2,2521,19160,1.0,1,2,1929,Mumbai,1227817
3,2,4205,4645,1.5,1,3,1971,Pune,1072236
